추첨일,1,2,3,4,5,6
2024-08-24,3,7,9,13,19,24
2024-08-17,13,14,20,28,29,34
2024-08-10,6,7,19,28,34,41
2024-08-03,1,2,6,14,27,38
2024-07-27,15,19,21,25,27,28
2024-07-20,5,10,11,17,28,34
2024-07-13,1,5,8,16,28,33
2024-07-06,10,15,24,30,31,37
2024-06-29,4,5,9,11,37,40
2024-06-22,6,14,25,33,40,44
2024-06-15,3,8,17,30,33,34
2024-06-08,13,19,21,24,34,35
2024-06-01,3,6,21,30,34,35
2024-05-25,6,24,31,32,38,44
2024-05-18,2,19,26,31,38,41
2024-05-11,1,9,12,13,20,45
2024-05-04,11,13,14,15,16,45
2024-04-27,3,4,9,30,33,36
2024-04-20,15,16,17,25,30,31
2024-04-13,7,12,23,32,34,36
2024-04-06,10,16,19,32,33,38
2024-03-30,11,13,20,21,32,44
2024-03-23,16,20,26,36,42,44
2024-03-16,3,13,30,33,43,45
2024-03-09,3,7,11,20,22,41
2024-03-02,10,12,13,19,33,40
2024-02-24,7,19,26,37,39,44
2024-02-17,6,14,30,31,40,41
2024-02-10,1,3,4,29,42,45
2024-02-03,6,16,34,37,39,40
2024-01-27,1,7,21,30,35,38
2024-01-20,10,12,29,31,40,44
2024-01-13,13,14,22,26,37,38
2024-01-06,6,7,13,28,36,42
2023-12-30,17,26,29,30,31,43
2023-12-23,3,20,28,38,40,43
2023-12-16,12,16,21,24,41,43
2023-12-09,14,33,34,35,37,40
2023-12-02,1,12,16,19,23,43
2023-11-25,8,14,28,29,34,40
2023-11-18,6,7,15,22,26,40
2023-11-11,10,17,22,30,35,43
2023-11-04,7,18,19,26,33,45
2023-10-28,6,20,23,24,28,30
2023-10-21,12,19,21,29,40,45
2023-10-14,4,18,31,37,42,43
2023-10-07,11,21,22,30,39,44
2023-09-30,13,14,18,21,34,44
2023-09-23,11,16,25,27,35,36
2023-09-16,4,7,17,18,38,44
2023-09-09,8,12,13,29,33,42
2023-09-02,3,7,14,15,22,38
2023-08-26,21,26,27,32,34,42
2023-08-19,1,9,16,23,24,38
2023-08-12,13,16,23,31,36,44
2023-08-05,4,8,18,24,37,45
2023-07-29,6,10,11,14,36,38
2023-07-22,4,8,17,30,40,43
2023-07-15,3,7,9,33,36,37
2023-07-08,1,23,24,35,44,45
2023-07-01,1,6,20,27,28,41
2023-06-24,6,18,28,30,32,38
2023-06-17,16,18,20,23,32,43
2023-06-10,1,2,11,21,30,35
2023-06-03,3,6,14,22,30,41
2023-05-27,1,10,18,22,28,31
2023-05-20,4,7,19,26,33,35
2023-05-13,7,10,19,23,28,33
2023-05-06,6,11,16,19,21,32
2023-04-29,3,18,19,23,32,45
2023-04-22,3,6,9,18,22,35
2023-04-15,3,6,22,23,24,38
2023-04-08,20,31,32,40,41,45
2023-04-01,4,24,27,35,37,45
2023-03-25,3,10,24,33,38,45
2023-03-18,7,10,22,25,34,40
2023-03-11,11,23,25,30,32,40
2023-03-04,8,13,19,27,40,45
2023-02-25,13,20,24,32,36,45
2023-02-18,4,7,12,14,22,33
2023-02-11,14,19,27,28,30,45
2023-02-04,22,26,29,30,34,45
2023-01-28,5,17,26,27,35,38
2023-01-21,21,26,30,32,33,35
2023-01-14,6,12,31,35,38,43
2023-01-07,3,5,13,20,21,37
2022-12-31,6,12,17,21,32,39
2022-12-24,2,20,33,40,42,44
2022-12-17,7,16,25,29,35,36
2022-12-10,6,14,15,19,21,41
2022-12-03,12,17,20,26,28,36
2022-11-26,3,5,12,22,26,31
2022-11-19,5,14,15,23,34,43
2022-11-12,6,7,9,11,17,18
2022-11-05,8,16,26,29,31,36
2022-10-29,2,3,6,19,36,39
2022-10-22,7,16,24,27,37,44
2022-10-15,2,14,15,22,27,33
2022-10-08,2,5,22,32,34,45
2022-10-01,9,14,34,35,41,42
2022-09-24,26,31,32,33,38,40
2022-09-17,3,11,15,20,35,44
2022-09-10,1,6,12,19,36,42
2022-09-03,6,7,22,32,35,36
2022-08-27,2,5,11,17,24,29
2022-08-20,12,30,32,37,39,41
2022-08-13,5,7,12,13,18,35
2022-08-06,14,16,27,35,39,45
2022-07-30,5,12,13,31,32,41
2022-07-23,8,9,20,25,29,33
2022-07-16,9,18,20,22,38,44
2022-07-09,10,14,16,18,29,35
2022-07-02,5,6,11,29,42,45
2022-06-25,12,15,17,24,29,45
2022-06-18,12,27,29,38,41,45
2022-06-11,1,4,13,17,34,39
2022-06-04,3,19,21,25,37,45
2022-05-28,12,18,22,23,30,34
2022-05-21,15,26,28,34,41,42
2022-05-14,14,23,31,33,37,40
2022-05-07,3,11,14,18,26,27
2022-04-30,21,22,26,34,36,41
2022-04-23,5,11,18,20,35,45
2022-04-16,1,9,12,26,35,38
2022-04-09,9,12,15,25,34,36
2022-04-02,15,23,29,34,40,44
2022-03-26,9,11,30,31,41,44
2022-03-19,8,11,16,19,21,25
2022-03-12,8,11,15,16,17,37
2022-03-05,8,13,18,24,27,29
2022-02-26,7,15,30,37,39,44
2022-02-19,1,4,29,39,43,45
2022-02-12,17,25,33,35,38,45
2022-02-05,6,10,12,14,20,42
2022-01-29,2,8,19,22,32,42
2022-01-22,1,3,9,14,18,28
2022-01-15,13,17,18,20,42,45
2022-01-08,4,7,14,16,24,44
2022-01-01,6,11,15,24,32,39
2021-12-25,1,4,13,29,38,39
2021-12-18,1,3,8,24,27,35
2021-12-11,6,14,16,18,24,42
2021-12-04,12,20,26,33,44,45
2021-11-27,13,18,25,31,33,44
2021-11-20,2,4,25,26,36,37
2021-11-13,17,18,21,27,29,33
2021-11-06,2,13,20,30,31,41
2021-10-30,2,4,15,23,29,38
2021-10-23,7,10,16,28,41,42
2021-10-16,17,21,23,30,34,44
2021-10-09,3,10,23,35,36,37
2021-10-02,13,23,26,31,35,43
2021-09-25,5,7,13,20,21,44
2021-09-18,27,36,37,41,43,45
2021-09-11,3,13,16,23,24,35
2021-09-04,7,11,16,21,27,33
2021-08-28,1,7,15,32,34,42
2021-08-21,2,9,10,14,22,44
2021-08-14,4,12,14,25,35,37
2021-08-07,7,8,9,17,22,24
2021-07-31,1,2,11,16,39,44
2021-07-24,22,26,31,37,41,42
2021-07-17,3,6,17,23,37,39
2021-07-10,2,6,17,18,21,26
2021-07-03,9,11,16,21,28,36
2021-06-26,3,9,10,29,40,45
2021-06-19,2,5,12,14,24,39
2021-06-12,1,6,13,37,38,40
2021-06-05,1,21,25,29,34,37
2021-05-29,2,13,25,28,29,36
2021-05-22,6,21,36,38,39,43
2021-05-15,6,12,19,23,34,42
2021-05-08,1,18,28,31,34,43
2021-05-01,11,20,29,31,33,42
2021-04-24,2,18,24,30,32,45
2021-04-17,1,14,15,24,40,41
2021-04-10,2,9,10,16,35,37
2021-04-03,4,15,24,35,36,40
2021-03-27,10,11,20,21,25,41
2021-03-20,4,9,23,26,29,33
2021-03-13,1,9,26,28,30,41
2021-03-06,7,9,22,27,37,42
2021-02-27,4,12,22,24,33,41
2021-02-20,2,12,30,31,39,43
2021-02-13,3,4,15,22,28,40
2021-02-06,14,21,35,36,40,44
2021-01-30,13,18,30,31,38,41
2021-01-23,3,8,17,20,27,35
2021-01-16,9,18,19,30,34,40
2021-01-09,9,10,15,30,33,37
2021-01-02,2,13,16,19,32,33
2020-12-26,1,8,13,36,44,45
2020-12-19,10,12,18,35,42,43
2020-12-12,12,14,25,27,39,40
2020-12-05,3,15,20,22,24,41
2020-11-28,4,11,28,39,42,45
2020-11-21,4,8,10,16,31,36
2020-11-14,2,10,13,22,29,40
2020-11-07,7,11,13,17,18,29
2020-10-31,4,10,20,32,38,44
2020-10-24,1,3,30,33,36,39
2020-10-17,23,27,29,31,36,45
2020-10-10,1,6,15,36,37,38
2020-10-03,14,15,23,25,35,43
2020-09-26,8,21,25,38,39,44
2020-09-19,7,9,12,15,19,23
2020-09-12,3,4,10,20,28,44
2020-09-05,4,15,22,38,41,43
2020-08-29,10,16,18,20,25,31
2020-08-22,13,24,32,34,39,42
2020-08-15,3,11,34,42,43,44
2020-08-08,3,17,18,23,36,41
2020-08-01,2,6,13,17,27,43
2020-07-25,5,7,12,22,28,41
2020-07-18,2,3,26,33,34,43
2020-07-11,9,14,17,18,42,44
2020-07-04,7,11,12,31,33,38
2020-06-27,1,3,23,24,27,43
2020-06-20,6,21,22,32,35,36
2020-06-13,2,6,11,13,22,37
2020-06-06,16,19,24,33,42,44
2020-05-30,6,14,16,21,27,37
2020-05-23,5,8,18,21,22,38
2020-05-16,4,5,12,14,32,42
2020-05-09,1,11,17,27,35,39
2020-05-02,7,24,29,30,34,35
2020-04-25,3,16,21,22,23,44
2020-04-18,21,27,29,38,40,44
2020-04-11,2,5,14,28,31,32
2020-04-04,3,4,16,27,38,40
2020-03-28,2,6,8,26,43,45
2020-03-21,2,15,16,21,22,28
2020-03-14,7,19,23,24,36,39
2020-03-07,5,18,20,23,30,34
2020-02-29,7,13,16,18,35,38
2020-02-22,8,19,20,21,33,39
2020-02-15,18,21,28,35,37,42
2020-02-08,6,7,12,22,26,36
2020-02-01,5,12,25,26,38,45
2020-01-25,16,26,31,38,39,41
2020-01-18,19,32,37,40,41,43
2020-01-11,1,15,17,23,25,41
2020-01-04,4,9,17,18,26,42
2019-12-28,9,13,28,31,39,41
2019-12-21,1,4,14,18,29,37
2019-12-14,3,13,29,38,39,42
2019-12-07,3,7,12,31,34,38
2019-11-30,8,14,17,27,36,45
2019-11-23,19,23,28,37,42,45
2019-11-16,1,3,24,27,39,45
2019-11-09,4,14,23,28,37,45
2019-11-02,9,18,32,33,37,44
2019-10-26,18,34,39,43,44,45
2019-10-19,4,18,20,26,27,32
2019-10-12,7,17,19,23,24,45
2019-10-05,1,4,10,14,15,35
2019-09-28,2,6,11,16,25,31
2019-09-21,5,17,18,22,23,43
2019-09-14,5,16,21,26,34,42
2019-09-07,19,22,30,34,39,44
2019-08-31,1,15,19,23,28,42
2019-08-24,3,5,12,13,33,39
2019-08-17,2,4,30,32,33,43
2019-08-10,2,6,12,26,30,34
2019-08-03,21,25,30,32,40,42
2019-07-27,2,6,20,27,37,39
2019-07-20,12,17,28,41,43,44
2019-07-13,14,17,19,22,24,40

